{"cameraMode":{"drawMode":0,"name":"Shaded","section":"Shading Mode"},"sceneLighting":true,"audioPlay":false,"sceneViewState":{"m_AlwaysRefresh":false,"showFog":true,"showSkybox":true,"showFlares":true,"showImageEffects":true,"showParticleSystems":true,"showVisualEffectGraphs":true,"m_FxEnabled":true},"in2DMode":false,"pivot":{"x":161.64088439941407,"y":1.2700631618499756,"z":59.34981918334961},"rotation":{"x":-0.011224058456718922,"y":0.987128734588623,"z":-0.08044255524873734,"w":-0.13798613846302033},"size":0.8660253882408142,"orthographic":false}