{"cameraMode":{"drawMode":0,"name":"Shaded","section":"Shading Mode"},"sceneLighting":false,"audioPlay":false,"sceneViewState":{"showFog":true,"showMaterialUpdate":true,"showSkybox":true,"showFlares":true,"showImageEffects":true,"showParticleSystems":true},"in2DMode":false,"pivot":{"x":33.94109344482422,"y":2.5293009281158449,"z":64.0954360961914},"rotation":{"x":0.04103202745318413,"y":0.9560658931732178,"z":-0.16362395882606507,"w":0.23975330591201783},"size":9.065169334411621,"orthographic":false}