{"cameraMode":{"drawMode":0,"name":"Shaded","section":"Shading Mode"},"sceneLighting":false,"audioPlay":false,"sceneViewState":{"showFog":true,"showMaterialUpdate":true,"showSkybox":true,"showFlares":true,"showImageEffects":true,"showParticleSystems":true},"in2DMode":false,"pivot":{"x":36.313926696777347,"y":1.986948847770691,"z":51.584129333496097},"rotation":{"x":0.010658716782927513,"y":0.9862523674964905,"z":-0.14906050264835359,"w":0.07052350789308548},"size":1.8604741096496583,"orthographic":false}