{"cameraMode":{"drawMode":0,"name":"Shaded","section":"Shading Mode"},"sceneLighting":false,"audioPlay":false,"sceneViewState":{"showFog":true,"showMaterialUpdate":false,"showSkybox":true,"showFlares":true,"showImageEffects":true,"showParticleSystems":true},"in2DMode":false,"pivot":{"x":0.31676459312438967,"y":8.074075698852539,"z":-1.801407814025879},"rotation":{"x":-0.04334767907857895,"y":0.9441788196563721,"z":-0.1383579671382904,"w":-0.2958114445209503},"size":5.506071090698242,"orthographic":false}