{"cameraMode":{"drawMode":0,"name":"Shaded","section":"Shading Mode"},"sceneLighting":false,"audioPlay":false,"sceneViewState":{"showFog":true,"showMaterialUpdate":true,"showSkybox":true,"showFlares":true,"showImageEffects":true,"showParticleSystems":true},"in2DMode":false,"pivot":{"x":0.4929349422454834,"y":1.4959253072738648,"z":-0.5104358196258545},"rotation":{"x":-0.048748064786195758,"y":-0.9024229049682617,"z":0.10607054084539414,"w":-0.4147355556488037},"size":4.122807502746582,"orthographic":false}