{"cameraMode":{"drawMode":0,"name":"Shaded","section":"Shading Mode"},"sceneLighting":false,"audioPlay":false,"sceneViewState":{"showFog":true,"showMaterialUpdate":true,"showSkybox":true,"showFlares":true,"showImageEffects":true,"showParticleSystems":true},"in2DMode":false,"pivot":{"x":34.17645263671875,"y":-1.4977941513061524,"z":54.16904067993164},"rotation":{"x":0.0020687489304691555,"y":0.9976643323898315,"z":-0.058433931320905688,"w":0.03531419485807419},"size":29.044269561767579,"orthographic":false}