{"cameraMode":{"drawMode":0,"name":"Shaded","section":"Shading Mode"},"sceneLighting":true,"audioPlay":false,"sceneViewState":{"showFog":true,"showMaterialUpdate":true,"showSkybox":true,"showFlares":true,"showImageEffects":true,"showParticleSystems":true},"in2DMode":false,"pivot":{"x":64.6832046508789,"y":-1.959236979484558,"z":16.99913787841797},"rotation":{"x":0.2157764434814453,"y":-0.19418399035930634,"z":0.043831273913383487,"w":0.9559351205825806},"size":22.0,"orthographic":false}